firstname,lastname,username,email,avatar,password
Nasir,Schoen,Tess_Waelchi75,Deontae80@gmail.com,https://s3.amazonaws.com/uifaces/faces/twitter/josep_martins/128.jpg,omnis
Idella,Hackett,Carolina.Sauer,Meagan58@hotmail.com,https://s3.amazonaws.com/uifaces/faces/twitter/afusinatto/128.jpg,vel
Odessa,Green,Victoria.Towne,Marcelle99@hotmail.com,https://s3.amazonaws.com/uifaces/faces/twitter/allthingssmitty/128.jpg,rerum
Evan,Senger,Frankie.Veum,Russell_Ward@hotmail.com,https://s3.amazonaws.com/uifaces/faces/twitter/jqiuss/128.jpg,aut
Austen,Renner,Hillary_Crona86,Laura_Green@yahoo.com,https://s3.amazonaws.com/uifaces/faces/twitter/devankoshal/128.jpg,delectus
Brock,Zemlak,Gardner74,Richmond_Brekke@yahoo.com,https://s3.amazonaws.com/uifaces/faces/twitter/meln1ks/128.jpg,eum
Caleb,Streich,Reinhold84,Lilly_Swift@gmail.com,https://s3.amazonaws.com/uifaces/faces/twitter/BryanHorsey/128.jpg,suscipit
Scarlett,Cruickshank,Kyleigh_Greenholt,Mary97@gmail.com,https://s3.amazonaws.com/uifaces/faces/twitter/gregrwilkinson/128.jpg,velit
Roman,Crona,Gonzalo.Swaniawski53,Alison.Gerlach29@yahoo.com,https://s3.amazonaws.com/uifaces/faces/twitter/imammuht/128.jpg,quidem
Aylin,Jast,Geovany91,Mina.Kohler@gmail.com,https://s3.amazonaws.com/uifaces/faces/twitter/jackiesaik/128.jpg,recusandae
Dayna,Schneider,Milton_Willms23,Dedric.Grimes59@gmail.com,https://s3.amazonaws.com/uifaces/faces/twitter/mdsisto/128.jpg,quis
Jon,Goldner,Alysha.Mohr,Diego_Schimmel53@yahoo.com,https://s3.amazonaws.com/uifaces/faces/twitter/prrstn/128.jpg,officia
Daron,Stamm,Arlene.Steuber,Meghan60@yahoo.com,https://s3.amazonaws.com/uifaces/faces/twitter/s4f1/128.jpg,et
Burley,Satterfield,Elza_Connelly35,Gideon54@hotmail.com,https://s3.amazonaws.com/uifaces/faces/twitter/praveen_vijaya/128.jpg,dolores
Shania,Gottlieb,Silas_Heidenreich,Ron.Von78@gmail.com,https://s3.amazonaws.com/uifaces/faces/twitter/hugocornejo/128.jpg,consectetur
Melvina,Doyle,Harmony.Bernhard66,Eveline0@gmail.com,https://s3.amazonaws.com/uifaces/faces/twitter/carlosgavina/128.jpg,iste
Dustin,Ortiz,Zella.Keeling,Reed.Walter@gmail.com,https://s3.amazonaws.com/uifaces/faces/twitter/smaczny/128.jpg,consequatur
Willard,Parker,Norwood.Leannon,Jaron_Pacocha@gmail.com,https://s3.amazonaws.com/uifaces/faces/twitter/osvaldas/128.jpg,ea
Lavina,Metz,Stephanie.Hermiston,Madaline.Dickens11@hotmail.com,https://s3.amazonaws.com/uifaces/faces/twitter/imomenui/128.jpg,voluptatem
Moises,Rolfson,Leif_Casper,Ariane26@gmail.com,https://s3.amazonaws.com/uifaces/faces/twitter/marcomano_/128.jpg,distinctio
